<?xml version="1.0" encoding="UTF-8"?>
<!--Jasper FilterConfiguration File. Editing the file is not recommended.-->
<jasperfilterconfig version="1.0">
    <filterconfigs count="0"/>
    <widgetconfigrelations>
        <widget name="FPV-PropertyTable" type="PropertyTable"/>
        <widget name="XPROP-PropertyTable" type="PropertyTable"/>
        <widget name="ARCH-PropertyTable" type="PropertyTable"/>
        <widget name="CONN-PropertyTable" type="PropertyTable"/>
        <widget name="CSR-PropertyTable" type="PropertyTable"/>
        <widget name="SUPERLINT-PropertyTable" type="PropertyTable"/>
        <widget name="SPV-PropertyTable" type="PropertyTable"/>
        <widget name="COV-PropertyTable" type="PropertyTable"/>
        <widget name="SEC-PropertyTable" type="PropertyTable"/>
        <widget name="LPV-PropertyTable" type="PropertyTable"/>
        <widget name="UNR-PropertyTable" type="PropertyTable"/>
        <widget name="FSV-PropertyTable" type="PropertyTable"/>
        <widget name="C2RTL-PropertyTable" type="PropertyTable"/>
    </widgetconfigrelations>
</jasperfilterconfig>
